-- Database BK SMP Muhammadiyah Cileungsi
-- Seed: 100 siswa, 100 orang tua, 15 guru BK, 1 admin
-- Semua password akun seed: password

DROP DATABASE IF EXISTS bk_muhammadiyah;
CREATE DATABASE bk_muhammadiyah CHARACTER SET utf8mb4 COLLATE utf8mb4_unicode_ci;
USE bk_muhammadiyah;

CREATE TABLE users (
    id BIGINT UNSIGNED AUTO_INCREMENT PRIMARY KEY,
    name VARCHAR(120) NOT NULL,
    email VARCHAR(160) NOT NULL UNIQUE,
    password VARCHAR(255) NOT NULL,
    role ENUM('siswa', 'orang_tua', 'guru_bk', 'wali_kelas', 'admin') NOT NULL,
    status ENUM('active', 'inactive') NOT NULL DEFAULT 'active',
    created_at TIMESTAMP NULL DEFAULT CURRENT_TIMESTAMP,
    updated_at TIMESTAMP NULL DEFAULT CURRENT_TIMESTAMP ON UPDATE CURRENT_TIMESTAMP
) ENGINE=InnoDB DEFAULT CHARSET=utf8mb4 COLLATE=utf8mb4_unicode_ci;

CREATE TABLE students (
    id BIGINT UNSIGNED AUTO_INCREMENT PRIMARY KEY,
    user_id BIGINT UNSIGNED NULL,
    nis VARCHAR(40) NOT NULL UNIQUE,
    name VARCHAR(120) NOT NULL,
    class_name VARCHAR(40) NOT NULL,
    guardian_name VARCHAR(120) NULL,
    created_at TIMESTAMP NULL DEFAULT CURRENT_TIMESTAMP,
    updated_at TIMESTAMP NULL DEFAULT CURRENT_TIMESTAMP ON UPDATE CURRENT_TIMESTAMP,
    CONSTRAINT students_user_id_fk FOREIGN KEY (user_id) REFERENCES users(id) ON DELETE SET NULL
) ENGINE=InnoDB DEFAULT CHARSET=utf8mb4 COLLATE=utf8mb4_unicode_ci;

CREATE TABLE parent_student (
    id BIGINT UNSIGNED AUTO_INCREMENT PRIMARY KEY,
    parent_user_id BIGINT UNSIGNED NOT NULL,
    student_id BIGINT UNSIGNED NOT NULL,
    relation VARCHAR(40) NOT NULL DEFAULT 'orang_tua',
    created_at TIMESTAMP NULL DEFAULT CURRENT_TIMESTAMP,
    CONSTRAINT parent_student_parent_fk FOREIGN KEY (parent_user_id) REFERENCES users(id) ON DELETE CASCADE,
    CONSTRAINT parent_student_student_fk FOREIGN KEY (student_id) REFERENCES students(id) ON DELETE CASCADE
) ENGINE=InnoDB DEFAULT CHARSET=utf8mb4 COLLATE=utf8mb4_unicode_ci;

CREATE TABLE counseling_requests (
    id BIGINT UNSIGNED AUTO_INCREMENT PRIMARY KEY,
    user_id BIGINT UNSIGNED NOT NULL,
    topic VARCHAR(180) NOT NULL,
    message TEXT NOT NULL,
    preferred_date DATETIME NULL,
    status ENUM('pending', 'approved', 'completed', 'rejected') NOT NULL DEFAULT 'pending',
    created_at TIMESTAMP NULL DEFAULT CURRENT_TIMESTAMP,
    updated_at TIMESTAMP NULL DEFAULT CURRENT_TIMESTAMP ON UPDATE CURRENT_TIMESTAMP,
    CONSTRAINT counseling_requests_user_fk FOREIGN KEY (user_id) REFERENCES users(id) ON DELETE CASCADE
) ENGINE=InnoDB DEFAULT CHARSET=utf8mb4 COLLATE=utf8mb4_unicode_ci;

CREATE TABLE counseling_sessions (
    id BIGINT UNSIGNED AUTO_INCREMENT PRIMARY KEY,
    request_id BIGINT UNSIGNED NULL,
    student_id BIGINT UNSIGNED NOT NULL,
    counselor_id BIGINT UNSIGNED NOT NULL,
    schedule_at DATETIME NOT NULL,
    notes TEXT NULL,
    follow_up TEXT NULL,
    status ENUM('scheduled', 'done', 'cancelled') NOT NULL DEFAULT 'scheduled',
    created_at TIMESTAMP NULL DEFAULT CURRENT_TIMESTAMP,
    updated_at TIMESTAMP NULL DEFAULT CURRENT_TIMESTAMP ON UPDATE CURRENT_TIMESTAMP,
    CONSTRAINT counseling_sessions_request_fk FOREIGN KEY (request_id) REFERENCES counseling_requests(id) ON DELETE SET NULL,
    CONSTRAINT counseling_sessions_student_fk FOREIGN KEY (student_id) REFERENCES students(id) ON DELETE CASCADE,
    CONSTRAINT counseling_sessions_counselor_fk FOREIGN KEY (counselor_id) REFERENCES users(id) ON DELETE CASCADE
) ENGINE=InnoDB DEFAULT CHARSET=utf8mb4 COLLATE=utf8mb4_unicode_ci;

CREATE TABLE violations (
    id BIGINT UNSIGNED AUTO_INCREMENT PRIMARY KEY,
    student_id BIGINT UNSIGNED NOT NULL,
    recorded_by BIGINT UNSIGNED NOT NULL,
    category VARCHAR(120) NOT NULL,
    description TEXT NOT NULL,
    point INT NOT NULL DEFAULT 0,
    incident_date DATE NOT NULL,
    created_at TIMESTAMP NULL DEFAULT CURRENT_TIMESTAMP,
    CONSTRAINT violations_student_fk FOREIGN KEY (student_id) REFERENCES students(id) ON DELETE CASCADE,
    CONSTRAINT violations_recorded_by_fk FOREIGN KEY (recorded_by) REFERENCES users(id) ON DELETE CASCADE
) ENGINE=InnoDB DEFAULT CHARSET=utf8mb4 COLLATE=utf8mb4_unicode_ci;

CREATE TABLE notifications (
    id BIGINT UNSIGNED AUTO_INCREMENT PRIMARY KEY,
    user_id BIGINT UNSIGNED NOT NULL,
    title VARCHAR(160) NOT NULL,
    body TEXT NOT NULL,
    read_at TIMESTAMP NULL,
    created_at TIMESTAMP NULL DEFAULT CURRENT_TIMESTAMP,
    CONSTRAINT notifications_user_fk FOREIGN KEY (user_id) REFERENCES users(id) ON DELETE CASCADE
) ENGINE=InnoDB DEFAULT CHARSET=utf8mb4 COLLATE=utf8mb4_unicode_ci;

START TRANSACTION;

INSERT INTO users (id, name, email, password, role, status) VALUES
    (1, 'Admin Sekolah', 'admin@bk.test', '$2y$10$92IXUNpkjO0rOQ5byMi.Ye4oKoEa3Ro9llC/.og/at2uheWG/igi', 'admin', 'active'),
    (2, 'Guru BK 01', 'guru01@bk.test', '$2y$10$92IXUNpkjO0rOQ5byMi.Ye4oKoEa3Ro9llC/.og/at2uheWG/igi', 'guru_bk', 'active'),
    (3, 'Guru BK 02', 'guru02@bk.test', '$2y$10$92IXUNpkjO0rOQ5byMi.Ye4oKoEa3Ro9llC/.og/at2uheWG/igi', 'guru_bk', 'active'),
    (4, 'Guru BK 03', 'guru03@bk.test', '$2y$10$92IXUNpkjO0rOQ5byMi.Ye4oKoEa3Ro9llC/.og/at2uheWG/igi', 'guru_bk', 'active'),
    (5, 'Guru BK 04', 'guru04@bk.test', '$2y$10$92IXUNpkjO0rOQ5byMi.Ye4oKoEa3Ro9llC/.og/at2uheWG/igi', 'guru_bk', 'active'),
    (6, 'Guru BK 05', 'guru05@bk.test', '$2y$10$92IXUNpkjO0rOQ5byMi.Ye4oKoEa3Ro9llC/.og/at2uheWG/igi', 'guru_bk', 'active'),
    (7, 'Guru BK 06', 'guru06@bk.test', '$2y$10$92IXUNpkjO0rOQ5byMi.Ye4oKoEa3Ro9llC/.og/at2uheWG/igi', 'guru_bk', 'active'),
    (8, 'Guru BK 07', 'guru07@bk.test', '$2y$10$92IXUNpkjO0rOQ5byMi.Ye4oKoEa3Ro9llC/.og/at2uheWG/igi', 'guru_bk', 'active'),
    (9, 'Guru BK 08', 'guru08@bk.test', '$2y$10$92IXUNpkjO0rOQ5byMi.Ye4oKoEa3Ro9llC/.og/at2uheWG/igi', 'guru_bk', 'active'),
    (10, 'Guru BK 09', 'guru09@bk.test', '$2y$10$92IXUNpkjO0rOQ5byMi.Ye4oKoEa3Ro9llC/.og/at2uheWG/igi', 'guru_bk', 'active'),
    (11, 'Guru BK 10', 'guru10@bk.test', '$2y$10$92IXUNpkjO0rOQ5byMi.Ye4oKoEa3Ro9llC/.og/at2uheWG/igi', 'guru_bk', 'active'),
    (12, 'Guru BK 11', 'guru11@bk.test', '$2y$10$92IXUNpkjO0rOQ5byMi.Ye4oKoEa3Ro9llC/.og/at2uheWG/igi', 'guru_bk', 'active'),
    (13, 'Guru BK 12', 'guru12@bk.test', '$2y$10$92IXUNpkjO0rOQ5byMi.Ye4oKoEa3Ro9llC/.og/at2uheWG/igi', 'guru_bk', 'active'),
    (14, 'Guru BK 13', 'guru13@bk.test', '$2y$10$92IXUNpkjO0rOQ5byMi.Ye4oKoEa3Ro9llC/.og/at2uheWG/igi', 'guru_bk', 'active'),
    (15, 'Guru BK 14', 'guru14@bk.test', '$2y$10$92IXUNpkjO0rOQ5byMi.Ye4oKoEa3Ro9llC/.og/at2uheWG/igi', 'guru_bk', 'active'),
    (16, 'Guru BK 15', 'guru15@bk.test', '$2y$10$92IXUNpkjO0rOQ5byMi.Ye4oKoEa3Ro9llC/.og/at2uheWG/igi', 'guru_bk', 'active'),
    (17, 'Ahmad Fauzan 001', 'siswa001@bk.test', '$2y$10$92IXUNpkjO0rOQ5byMi.Ye4oKoEa3Ro9llC/.og/at2uheWG/igi', 'siswa', 'active'),
    (18, 'Aisyah Putri 002', 'siswa002@bk.test', '$2y$10$92IXUNpkjO0rOQ5byMi.Ye4oKoEa3Ro9llC/.og/at2uheWG/igi', 'siswa', 'active'),
    (19, 'Muhammad Rizky 003', 'siswa003@bk.test', '$2y$10$92IXUNpkjO0rOQ5byMi.Ye4oKoEa3Ro9llC/.og/at2uheWG/igi', 'siswa', 'active'),
    (20, 'Siti Nurhaliza 004', 'siswa004@bk.test', '$2y$10$92IXUNpkjO0rOQ5byMi.Ye4oKoEa3Ro9llC/.og/at2uheWG/igi', 'siswa', 'active'),
    (21, 'Fajar Maulana 005', 'siswa005@bk.test', '$2y$10$92IXUNpkjO0rOQ5byMi.Ye4oKoEa3Ro9llC/.og/at2uheWG/igi', 'siswa', 'active'),
    (22, 'Nabila Zahra 006', 'siswa006@bk.test', '$2y$10$92IXUNpkjO0rOQ5byMi.Ye4oKoEa3Ro9llC/.og/at2uheWG/igi', 'siswa', 'active'),
    (23, 'Rafi Pratama 007', 'siswa007@bk.test', '$2y$10$92IXUNpkjO0rOQ5byMi.Ye4oKoEa3Ro9llC/.og/at2uheWG/igi', 'siswa', 'active'),
    (24, 'Dewi Lestari 008', 'siswa008@bk.test', '$2y$10$92IXUNpkjO0rOQ5byMi.Ye4oKoEa3Ro9llC/.og/at2uheWG/igi', 'siswa', 'active'),
    (25, 'Hafiz Ramadhan 009', 'siswa009@bk.test', '$2y$10$92IXUNpkjO0rOQ5byMi.Ye4oKoEa3Ro9llC/.og/at2uheWG/igi', 'siswa', 'active'),
    (26, 'Kirana Safitri 010', 'siswa010@bk.test', '$2y$10$92IXUNpkjO0rOQ5byMi.Ye4oKoEa3Ro9llC/.og/at2uheWG/igi', 'siswa', 'active'),
    (27, 'Dimas Arya 011', 'siswa011@bk.test', '$2y$10$92IXUNpkjO0rOQ5byMi.Ye4oKoEa3Ro9llC/.og/at2uheWG/igi', 'siswa', 'active'),
    (28, 'Salma Khairunnisa 012', 'siswa012@bk.test', '$2y$10$92IXUNpkjO0rOQ5byMi.Ye4oKoEa3Ro9llC/.og/at2uheWG/igi', 'siswa', 'active'),
    (29, 'Bagas Saputra 013', 'siswa013@bk.test', '$2y$10$92IXUNpkjO0rOQ5byMi.Ye4oKoEa3Ro9llC/.og/at2uheWG/igi', 'siswa', 'active'),
    (30, 'Nadya Aulia 014', 'siswa014@bk.test', '$2y$10$92IXUNpkjO0rOQ5byMi.Ye4oKoEa3Ro9llC/.og/at2uheWG/igi', 'siswa', 'active'),
    (31, 'Raka Firmansyah 015', 'siswa015@bk.test', '$2y$10$92IXUNpkjO0rOQ5byMi.Ye4oKoEa3Ro9llC/.og/at2uheWG/igi', 'siswa', 'active'),
    (32, 'Laila Hasanah 016', 'siswa016@bk.test', '$2y$10$92IXUNpkjO0rOQ5byMi.Ye4oKoEa3Ro9llC/.og/at2uheWG/igi', 'siswa', 'active'),
    (33, 'Ilham Nugraha 017', 'siswa017@bk.test', '$2y$10$92IXUNpkjO0rOQ5byMi.Ye4oKoEa3Ro9llC/.og/at2uheWG/igi', 'siswa', 'active'),
    (34, 'Zahra Amalia 018', 'siswa018@bk.test', '$2y$10$92IXUNpkjO0rOQ5byMi.Ye4oKoEa3Ro9llC/.og/at2uheWG/igi', 'siswa', 'active'),
    (35, 'Ardiansyah 019', 'siswa019@bk.test', '$2y$10$92IXUNpkjO0rOQ5byMi.Ye4oKoEa3Ro9llC/.og/at2uheWG/igi', 'siswa', 'active'),
    (36, 'Mutiara Rahma 020', 'siswa020@bk.test', '$2y$10$92IXUNpkjO0rOQ5byMi.Ye4oKoEa3Ro9llC/.og/at2uheWG/igi', 'siswa', 'active'),
    (37, 'Faiz Alfarizi 021', 'siswa021@bk.test', '$2y$10$92IXUNpkjO0rOQ5byMi.Ye4oKoEa3Ro9llC/.og/at2uheWG/igi', 'siswa', 'active'),
    (38, 'Anisa Oktaviani 022', 'siswa022@bk.test', '$2y$10$92IXUNpkjO0rOQ5byMi.Ye4oKoEa3Ro9llC/.og/at2uheWG/igi', 'siswa', 'active'),
    (39, 'Rangga Aditya 023', 'siswa023@bk.test', '$2y$10$92IXUNpkjO0rOQ5byMi.Ye4oKoEa3Ro9llC/.og/at2uheWG/igi', 'siswa', 'active'),
    (40, 'Citra Maharani 024', 'siswa024@bk.test', '$2y$10$92IXUNpkjO0rOQ5byMi.Ye4oKoEa3Ro9llC/.og/at2uheWG/igi', 'siswa', 'active'),
    (41, 'Yusuf Hidayat 025', 'siswa025@bk.test', '$2y$10$92IXUNpkjO0rOQ5byMi.Ye4oKoEa3Ro9llC/.og/at2uheWG/igi', 'siswa', 'active'),
    (42, 'Putri Anggraini 026', 'siswa026@bk.test', '$2y$10$92IXUNpkjO0rOQ5byMi.Ye4oKoEa3Ro9llC/.og/at2uheWG/igi', 'siswa', 'active'),
    (43, 'Reza Kurniawan 027', 'siswa027@bk.test', '$2y$10$92IXUNpkjO0rOQ5byMi.Ye4oKoEa3Ro9llC/.og/at2uheWG/igi', 'siswa', 'active'),
    (44, 'Nisa Fadhilah 028', 'siswa028@bk.test', '$2y$10$92IXUNpkjO0rOQ5byMi.Ye4oKoEa3Ro9llC/.og/at2uheWG/igi', 'siswa', 'active'),
    (45, 'Farhan Akbar 029', 'siswa029@bk.test', '$2y$10$92IXUNpkjO0rOQ5byMi.Ye4oKoEa3Ro9llC/.og/at2uheWG/igi', 'siswa', 'active'),
    (46, 'Almira Salsabila 030', 'siswa030@bk.test', '$2y$10$92IXUNpkjO0rOQ5byMi.Ye4oKoEa3Ro9llC/.og/at2uheWG/igi', 'siswa', 'active'),
    (47, 'Gilang Ramadhan 031', 'siswa031@bk.test', '$2y$10$92IXUNpkjO0rOQ5byMi.Ye4oKoEa3Ro9llC/.og/at2uheWG/igi', 'siswa', 'active'),
    (48, 'Salsabila Fitri 032', 'siswa032@bk.test', '$2y$10$92IXUNpkjO0rOQ5byMi.Ye4oKoEa3Ro9llC/.og/at2uheWG/igi', 'siswa', 'active'),
    (49, 'Daffa Maulana 033', 'siswa033@bk.test', '$2y$10$92IXUNpkjO0rOQ5byMi.Ye4oKoEa3Ro9llC/.og/at2uheWG/igi', 'siswa', 'active'),
    (50, 'Intan Permata 034', 'siswa034@bk.test', '$2y$10$92IXUNpkjO0rOQ5byMi.Ye4oKoEa3Ro9llC/.og/at2uheWG/igi', 'siswa', 'active'),
    (51, 'Iqbal Maulana 035', 'siswa035@bk.test', '$2y$10$92IXUNpkjO0rOQ5byMi.Ye4oKoEa3Ro9llC/.og/at2uheWG/igi', 'siswa', 'active'),
    (52, 'Kayla Nadhifa 036', 'siswa036@bk.test', '$2y$10$92IXUNpkjO0rOQ5byMi.Ye4oKoEa3Ro9llC/.og/at2uheWG/igi', 'siswa', 'active'),
    (53, 'Rendi Saputra 037', 'siswa037@bk.test', '$2y$10$92IXUNpkjO0rOQ5byMi.Ye4oKoEa3Ro9llC/.og/at2uheWG/igi', 'siswa', 'active'),
    (54, 'Nayla Aprilia 038', 'siswa038@bk.test', '$2y$10$92IXUNpkjO0rOQ5byMi.Ye4oKoEa3Ro9llC/.og/at2uheWG/igi', 'siswa', 'active'),
    (55, 'Alif Nurhakim 039', 'siswa039@bk.test', '$2y$10$92IXUNpkjO0rOQ5byMi.Ye4oKoEa3Ro9llC/.og/at2uheWG/igi', 'siswa', 'active'),
    (56, 'Syifa Azizah 040', 'siswa040@bk.test', '$2y$10$92IXUNpkjO0rOQ5byMi.Ye4oKoEa3Ro9llC/.og/at2uheWG/igi', 'siswa', 'active'),
    (57, 'Ahmad Fauzan 041', 'siswa041@bk.test', '$2y$10$92IXUNpkjO0rOQ5byMi.Ye4oKoEa3Ro9llC/.og/at2uheWG/igi', 'siswa', 'active'),
    (58, 'Aisyah Putri 042', 'siswa042@bk.test', '$2y$10$92IXUNpkjO0rOQ5byMi.Ye4oKoEa3Ro9llC/.og/at2uheWG/igi', 'siswa', 'active'),
    (59, 'Muhammad Rizky 043', 'siswa043@bk.test', '$2y$10$92IXUNpkjO0rOQ5byMi.Ye4oKoEa3Ro9llC/.og/at2uheWG/igi', 'siswa', 'active'),
    (60, 'Siti Nurhaliza 044', 'siswa044@bk.test', '$2y$10$92IXUNpkjO0rOQ5byMi.Ye4oKoEa3Ro9llC/.og/at2uheWG/igi', 'siswa', 'active'),
    (61, 'Fajar Maulana 045', 'siswa045@bk.test', '$2y$10$92IXUNpkjO0rOQ5byMi.Ye4oKoEa3Ro9llC/.og/at2uheWG/igi', 'siswa', 'active'),
    (62, 'Nabila Zahra 046', 'siswa046@bk.test', '$2y$10$92IXUNpkjO0rOQ5byMi.Ye4oKoEa3Ro9llC/.og/at2uheWG/igi', 'siswa', 'active'),
    (63, 'Rafi Pratama 047', 'siswa047@bk.test', '$2y$10$92IXUNpkjO0rOQ5byMi.Ye4oKoEa3Ro9llC/.og/at2uheWG/igi', 'siswa', 'active'),
    (64, 'Dewi Lestari 048', 'siswa048@bk.test', '$2y$10$92IXUNpkjO0rOQ5byMi.Ye4oKoEa3Ro9llC/.og/at2uheWG/igi', 'siswa', 'active'),
    (65, 'Hafiz Ramadhan 049', 'siswa049@bk.test', '$2y$10$92IXUNpkjO0rOQ5byMi.Ye4oKoEa3Ro9llC/.og/at2uheWG/igi', 'siswa', 'active'),
    (66, 'Kirana Safitri 050', 'siswa050@bk.test', '$2y$10$92IXUNpkjO0rOQ5byMi.Ye4oKoEa3Ro9llC/.og/at2uheWG/igi', 'siswa', 'active'),
    (67, 'Dimas Arya 051', 'siswa051@bk.test', '$2y$10$92IXUNpkjO0rOQ5byMi.Ye4oKoEa3Ro9llC/.og/at2uheWG/igi', 'siswa', 'active'),
    (68, 'Salma Khairunnisa 052', 'siswa052@bk.test', '$2y$10$92IXUNpkjO0rOQ5byMi.Ye4oKoEa3Ro9llC/.og/at2uheWG/igi', 'siswa', 'active'),
    (69, 'Bagas Saputra 053', 'siswa053@bk.test', '$2y$10$92IXUNpkjO0rOQ5byMi.Ye4oKoEa3Ro9llC/.og/at2uheWG/igi', 'siswa', 'active'),
    (70, 'Nadya Aulia 054', 'siswa054@bk.test', '$2y$10$92IXUNpkjO0rOQ5byMi.Ye4oKoEa3Ro9llC/.og/at2uheWG/igi', 'siswa', 'active'),
    (71, 'Raka Firmansyah 055', 'siswa055@bk.test', '$2y$10$92IXUNpkjO0rOQ5byMi.Ye4oKoEa3Ro9llC/.og/at2uheWG/igi', 'siswa', 'active'),
    (72, 'Laila Hasanah 056', 'siswa056@bk.test', '$2y$10$92IXUNpkjO0rOQ5byMi.Ye4oKoEa3Ro9llC/.og/at2uheWG/igi', 'siswa', 'active'),
    (73, 'Ilham Nugraha 057', 'siswa057@bk.test', '$2y$10$92IXUNpkjO0rOQ5byMi.Ye4oKoEa3Ro9llC/.og/at2uheWG/igi', 'siswa', 'active'),
    (74, 'Zahra Amalia 058', 'siswa058@bk.test', '$2y$10$92IXUNpkjO0rOQ5byMi.Ye4oKoEa3Ro9llC/.og/at2uheWG/igi', 'siswa', 'active'),
    (75, 'Ardiansyah 059', 'siswa059@bk.test', '$2y$10$92IXUNpkjO0rOQ5byMi.Ye4oKoEa3Ro9llC/.og/at2uheWG/igi', 'siswa', 'active'),
    (76, 'Mutiara Rahma 060', 'siswa060@bk.test', '$2y$10$92IXUNpkjO0rOQ5byMi.Ye4oKoEa3Ro9llC/.og/at2uheWG/igi', 'siswa', 'active'),
    (77, 'Faiz Alfarizi 061', 'siswa061@bk.test', '$2y$10$92IXUNpkjO0rOQ5byMi.Ye4oKoEa3Ro9llC/.og/at2uheWG/igi', 'siswa', 'active'),
    (78, 'Anisa Oktaviani 062', 'siswa062@bk.test', '$2y$10$92IXUNpkjO0rOQ5byMi.Ye4oKoEa3Ro9llC/.og/at2uheWG/igi', 'siswa', 'active'),
    (79, 'Rangga Aditya 063', 'siswa063@bk.test', '$2y$10$92IXUNpkjO0rOQ5byMi.Ye4oKoEa3Ro9llC/.og/at2uheWG/igi', 'siswa', 'active'),
    (80, 'Citra Maharani 064', 'siswa064@bk.test', '$2y$10$92IXUNpkjO0rOQ5byMi.Ye4oKoEa3Ro9llC/.og/at2uheWG/igi', 'siswa', 'active'),
    (81, 'Yusuf Hidayat 065', 'siswa065@bk.test', '$2y$10$92IXUNpkjO0rOQ5byMi.Ye4oKoEa3Ro9llC/.og/at2uheWG/igi', 'siswa', 'active'),
    (82, 'Putri Anggraini 066', 'siswa066@bk.test', '$2y$10$92IXUNpkjO0rOQ5byMi.Ye4oKoEa3Ro9llC/.og/at2uheWG/igi', 'siswa', 'active'),
    (83, 'Reza Kurniawan 067', 'siswa067@bk.test', '$2y$10$92IXUNpkjO0rOQ5byMi.Ye4oKoEa3Ro9llC/.og/at2uheWG/igi', 'siswa', 'active'),
    (84, 'Nisa Fadhilah 068', 'siswa068@bk.test', '$2y$10$92IXUNpkjO0rOQ5byMi.Ye4oKoEa3Ro9llC/.og/at2uheWG/igi', 'siswa', 'active'),
    (85, 'Farhan Akbar 069', 'siswa069@bk.test', '$2y$10$92IXUNpkjO0rOQ5byMi.Ye4oKoEa3Ro9llC/.og/at2uheWG/igi', 'siswa', 'active'),
    (86, 'Almira Salsabila 070', 'siswa070@bk.test', '$2y$10$92IXUNpkjO0rOQ5byMi.Ye4oKoEa3Ro9llC/.og/at2uheWG/igi', 'siswa', 'active'),
    (87, 'Gilang Ramadhan 071', 'siswa071@bk.test', '$2y$10$92IXUNpkjO0rOQ5byMi.Ye4oKoEa3Ro9llC/.og/at2uheWG/igi', 'siswa', 'active'),
    (88, 'Salsabila Fitri 072', 'siswa072@bk.test', '$2y$10$92IXUNpkjO0rOQ5byMi.Ye4oKoEa3Ro9llC/.og/at2uheWG/igi', 'siswa', 'active'),
    (89, 'Daffa Maulana 073', 'siswa073@bk.test', '$2y$10$92IXUNpkjO0rOQ5byMi.Ye4oKoEa3Ro9llC/.og/at2uheWG/igi', 'siswa', 'active'),
    (90, 'Intan Permata 074', 'siswa074@bk.test', '$2y$10$92IXUNpkjO0rOQ5byMi.Ye4oKoEa3Ro9llC/.og/at2uheWG/igi', 'siswa', 'active'),
    (91, 'Iqbal Maulana 075', 'siswa075@bk.test', '$2y$10$92IXUNpkjO0rOQ5byMi.Ye4oKoEa3Ro9llC/.og/at2uheWG/igi', 'siswa', 'active'),
    (92, 'Kayla Nadhifa 076', 'siswa076@bk.test', '$2y$10$92IXUNpkjO0rOQ5byMi.Ye4oKoEa3Ro9llC/.og/at2uheWG/igi', 'siswa', 'active'),
    (93, 'Rendi Saputra 077', 'siswa077@bk.test', '$2y$10$92IXUNpkjO0rOQ5byMi.Ye4oKoEa3Ro9llC/.og/at2uheWG/igi', 'siswa', 'active'),
    (94, 'Nayla Aprilia 078', 'siswa078@bk.test', '$2y$10$92IXUNpkjO0rOQ5byMi.Ye4oKoEa3Ro9llC/.og/at2uheWG/igi', 'siswa', 'active'),
    (95, 'Alif Nurhakim 079', 'siswa079@bk.test', '$2y$10$92IXUNpkjO0rOQ5byMi.Ye4oKoEa3Ro9llC/.og/at2uheWG/igi', 'siswa', 'active'),
    (96, 'Syifa Azizah 080', 'siswa080@bk.test', '$2y$10$92IXUNpkjO0rOQ5byMi.Ye4oKoEa3Ro9llC/.og/at2uheWG/igi', 'siswa', 'active'),
    (97, 'Ahmad Fauzan 081', 'siswa081@bk.test', '$2y$10$92IXUNpkjO0rOQ5byMi.Ye4oKoEa3Ro9llC/.og/at2uheWG/igi', 'siswa', 'active'),
    (98, 'Aisyah Putri 082', 'siswa082@bk.test', '$2y$10$92IXUNpkjO0rOQ5byMi.Ye4oKoEa3Ro9llC/.og/at2uheWG/igi', 'siswa', 'active'),
    (99, 'Muhammad Rizky 083', 'siswa083@bk.test', '$2y$10$92IXUNpkjO0rOQ5byMi.Ye4oKoEa3Ro9llC/.og/at2uheWG/igi', 'siswa', 'active'),
    (100, 'Siti Nurhaliza 084', 'siswa084@bk.test', '$2y$10$92IXUNpkjO0rOQ5byMi.Ye4oKoEa3Ro9llC/.og/at2uheWG/igi', 'siswa', 'active'),
    (101, 'Fajar Maulana 085', 'siswa085@bk.test', '$2y$10$92IXUNpkjO0rOQ5byMi.Ye4oKoEa3Ro9llC/.og/at2uheWG/igi', 'siswa', 'active'),
    (102, 'Nabila Zahra 086', 'siswa086@bk.test', '$2y$10$92IXUNpkjO0rOQ5byMi.Ye4oKoEa3Ro9llC/.og/at2uheWG/igi', 'siswa', 'active'),
    (103, 'Rafi Pratama 087', 'siswa087@bk.test', '$2y$10$92IXUNpkjO0rOQ5byMi.Ye4oKoEa3Ro9llC/.og/at2uheWG/igi', 'siswa', 'active'),
    (104, 'Dewi Lestari 088', 'siswa088@bk.test', '$2y$10$92IXUNpkjO0rOQ5byMi.Ye4oKoEa3Ro9llC/.og/at2uheWG/igi', 'siswa', 'active'),
    (105, 'Hafiz Ramadhan 089', 'siswa089@bk.test', '$2y$10$92IXUNpkjO0rOQ5byMi.Ye4oKoEa3Ro9llC/.og/at2uheWG/igi', 'siswa', 'active'),
    (106, 'Kirana Safitri 090', 'siswa090@bk.test', '$2y$10$92IXUNpkjO0rOQ5byMi.Ye4oKoEa3Ro9llC/.og/at2uheWG/igi', 'siswa', 'active'),
    (107, 'Dimas Arya 091', 'siswa091@bk.test', '$2y$10$92IXUNpkjO0rOQ5byMi.Ye4oKoEa3Ro9llC/.og/at2uheWG/igi', 'siswa', 'active'),
    (108, 'Salma Khairunnisa 092', 'siswa092@bk.test', '$2y$10$92IXUNpkjO0rOQ5byMi.Ye4oKoEa3Ro9llC/.og/at2uheWG/igi', 'siswa', 'active'),
    (109, 'Bagas Saputra 093', 'siswa093@bk.test', '$2y$10$92IXUNpkjO0rOQ5byMi.Ye4oKoEa3Ro9llC/.og/at2uheWG/igi', 'siswa', 'active'),
    (110, 'Nadya Aulia 094', 'siswa094@bk.test', '$2y$10$92IXUNpkjO0rOQ5byMi.Ye4oKoEa3Ro9llC/.og/at2uheWG/igi', 'siswa', 'active'),
    (111, 'Raka Firmansyah 095', 'siswa095@bk.test', '$2y$10$92IXUNpkjO0rOQ5byMi.Ye4oKoEa3Ro9llC/.og/at2uheWG/igi', 'siswa', 'active'),
    (112, 'Laila Hasanah 096', 'siswa096@bk.test', '$2y$10$92IXUNpkjO0rOQ5byMi.Ye4oKoEa3Ro9llC/.og/at2uheWG/igi', 'siswa', 'active'),
    (113, 'Ilham Nugraha 097', 'siswa097@bk.test', '$2y$10$92IXUNpkjO0rOQ5byMi.Ye4oKoEa3Ro9llC/.og/at2uheWG/igi', 'siswa', 'active'),
    (114, 'Zahra Amalia 098', 'siswa098@bk.test', '$2y$10$92IXUNpkjO0rOQ5byMi.Ye4oKoEa3Ro9llC/.og/at2uheWG/igi', 'siswa', 'active'),
    (115, 'Ardiansyah 099', 'siswa099@bk.test', '$2y$10$92IXUNpkjO0rOQ5byMi.Ye4oKoEa3Ro9llC/.og/at2uheWG/igi', 'siswa', 'active'),
    (116, 'Mutiara Rahma 100', 'siswa100@bk.test', '$2y$10$92IXUNpkjO0rOQ5byMi.Ye4oKoEa3Ro9llC/.og/at2uheWG/igi', 'siswa', 'active'),
    (117, 'Orang Tua Siswa 001', 'ortu001@bk.test', '$2y$10$92IXUNpkjO0rOQ5byMi.Ye4oKoEa3Ro9llC/.og/at2uheWG/igi', 'orang_tua', 'active'),
    (118, 'Orang Tua Siswa 002', 'ortu002@bk.test', '$2y$10$92IXUNpkjO0rOQ5byMi.Ye4oKoEa3Ro9llC/.og/at2uheWG/igi', 'orang_tua', 'active'),
    (119, 'Orang Tua Siswa 003', 'ortu003@bk.test', '$2y$10$92IXUNpkjO0rOQ5byMi.Ye4oKoEa3Ro9llC/.og/at2uheWG/igi', 'orang_tua', 'active'),
    (120, 'Orang Tua Siswa 004', 'ortu004@bk.test', '$2y$10$92IXUNpkjO0rOQ5byMi.Ye4oKoEa3Ro9llC/.og/at2uheWG/igi', 'orang_tua', 'active'),
    (121, 'Orang Tua Siswa 005', 'ortu005@bk.test', '$2y$10$92IXUNpkjO0rOQ5byMi.Ye4oKoEa3Ro9llC/.og/at2uheWG/igi', 'orang_tua', 'active'),
    (122, 'Orang Tua Siswa 006', 'ortu006@bk.test', '$2y$10$92IXUNpkjO0rOQ5byMi.Ye4oKoEa3Ro9llC/.og/at2uheWG/igi', 'orang_tua', 'active'),
    (123, 'Orang Tua Siswa 007', 'ortu007@bk.test', '$2y$10$92IXUNpkjO0rOQ5byMi.Ye4oKoEa3Ro9llC/.og/at2uheWG/igi', 'orang_tua', 'active'),
    (124, 'Orang Tua Siswa 008', 'ortu008@bk.test', '$2y$10$92IXUNpkjO0rOQ5byMi.Ye4oKoEa3Ro9llC/.og/at2uheWG/igi', 'orang_tua', 'active'),
    (125, 'Orang Tua Siswa 009', 'ortu009@bk.test', '$2y$10$92IXUNpkjO0rOQ5byMi.Ye4oKoEa3Ro9llC/.og/at2uheWG/igi', 'orang_tua', 'active'),
    (126, 'Orang Tua Siswa 010', 'ortu010@bk.test', '$2y$10$92IXUNpkjO0rOQ5byMi.Ye4oKoEa3Ro9llC/.og/at2uheWG/igi', 'orang_tua', 'active'),
    (127, 'Orang Tua Siswa 011', 'ortu011@bk.test', '$2y$10$92IXUNpkjO0rOQ5byMi.Ye4oKoEa3Ro9llC/.og/at2uheWG/igi', 'orang_tua', 'active'),
    (128, 'Orang Tua Siswa 012', 'ortu012@bk.test', '$2y$10$92IXUNpkjO0rOQ5byMi.Ye4oKoEa3Ro9llC/.og/at2uheWG/igi', 'orang_tua', 'active'),
    (129, 'Orang Tua Siswa 013', 'ortu013@bk.test', '$2y$10$92IXUNpkjO0rOQ5byMi.Ye4oKoEa3Ro9llC/.og/at2uheWG/igi', 'orang_tua', 'active'),
    (130, 'Orang Tua Siswa 014', 'ortu014@bk.test', '$2y$10$92IXUNpkjO0rOQ5byMi.Ye4oKoEa3Ro9llC/.og/at2uheWG/igi', 'orang_tua', 'active'),
    (131, 'Orang Tua Siswa 015', 'ortu015@bk.test', '$2y$10$92IXUNpkjO0rOQ5byMi.Ye4oKoEa3Ro9llC/.og/at2uheWG/igi', 'orang_tua', 'active'),
    (132, 'Orang Tua Siswa 016', 'ortu016@bk.test', '$2y$10$92IXUNpkjO0rOQ5byMi.Ye4oKoEa3Ro9llC/.og/at2uheWG/igi', 'orang_tua', 'active'),
    (133, 'Orang Tua Siswa 017', 'ortu017@bk.test', '$2y$10$92IXUNpkjO0rOQ5byMi.Ye4oKoEa3Ro9llC/.og/at2uheWG/igi', 'orang_tua', 'active'),
    (134, 'Orang Tua Siswa 018', 'ortu018@bk.test', '$2y$10$92IXUNpkjO0rOQ5byMi.Ye4oKoEa3Ro9llC/.og/at2uheWG/igi', 'orang_tua', 'active'),
    (135, 'Orang Tua Siswa 019', 'ortu019@bk.test', '$2y$10$92IXUNpkjO0rOQ5byMi.Ye4oKoEa3Ro9llC/.og/at2uheWG/igi', 'orang_tua', 'active'),
    (136, 'Orang Tua Siswa 020', 'ortu020@bk.test', '$2y$10$92IXUNpkjO0rOQ5byMi.Ye4oKoEa3Ro9llC/.og/at2uheWG/igi', 'orang_tua', 'active'),
    (137, 'Orang Tua Siswa 021', 'ortu021@bk.test', '$2y$10$92IXUNpkjO0rOQ5byMi.Ye4oKoEa3Ro9llC/.og/at2uheWG/igi', 'orang_tua', 'active'),
    (138, 'Orang Tua Siswa 022', 'ortu022@bk.test', '$2y$10$92IXUNpkjO0rOQ5byMi.Ye4oKoEa3Ro9llC/.og/at2uheWG/igi', 'orang_tua', 'active'),
    (139, 'Orang Tua Siswa 023', 'ortu023@bk.test', '$2y$10$92IXUNpkjO0rOQ5byMi.Ye4oKoEa3Ro9llC/.og/at2uheWG/igi', 'orang_tua', 'active'),
    (140, 'Orang Tua Siswa 024', 'ortu024@bk.test', '$2y$10$92IXUNpkjO0rOQ5byMi.Ye4oKoEa3Ro9llC/.og/at2uheWG/igi', 'orang_tua', 'active'),
    (141, 'Orang Tua Siswa 025', 'ortu025@bk.test', '$2y$10$92IXUNpkjO0rOQ5byMi.Ye4oKoEa3Ro9llC/.og/at2uheWG/igi', 'orang_tua', 'active'),
    (142, 'Orang Tua Siswa 026', 'ortu026@bk.test', '$2y$10$92IXUNpkjO0rOQ5byMi.Ye4oKoEa3Ro9llC/.og/at2uheWG/igi', 'orang_tua', 'active'),
    (143, 'Orang Tua Siswa 027', 'ortu027@bk.test', '$2y$10$92IXUNpkjO0rOQ5byMi.Ye4oKoEa3Ro9llC/.og/at2uheWG/igi', 'orang_tua', 'active'),
    (144, 'Orang Tua Siswa 028', 'ortu028@bk.test', '$2y$10$92IXUNpkjO0rOQ5byMi.Ye4oKoEa3Ro9llC/.og/at2uheWG/igi', 'orang_tua', 'active'),
    (145, 'Orang Tua Siswa 029', 'ortu029@bk.test', '$2y$10$92IXUNpkjO0rOQ5byMi.Ye4oKoEa3Ro9llC/.og/at2uheWG/igi', 'orang_tua', 'active'),
    (146, 'Orang Tua Siswa 030', 'ortu030@bk.test', '$2y$10$92IXUNpkjO0rOQ5byMi.Ye4oKoEa3Ro9llC/.og/at2uheWG/igi', 'orang_tua', 'active'),
    (147, 'Orang Tua Siswa 031', 'ortu031@bk.test', '$2y$10$92IXUNpkjO0rOQ5byMi.Ye4oKoEa3Ro9llC/.og/at2uheWG/igi', 'orang_tua', 'active'),
    (148, 'Orang Tua Siswa 032', 'ortu032@bk.test', '$2y$10$92IXUNpkjO0rOQ5byMi.Ye4oKoEa3Ro9llC/.og/at2uheWG/igi', 'orang_tua', 'active'),
    (149, 'Orang Tua Siswa 033', 'ortu033@bk.test', '$2y$10$92IXUNpkjO0rOQ5byMi.Ye4oKoEa3Ro9llC/.og/at2uheWG/igi', 'orang_tua', 'active'),
    (150, 'Orang Tua Siswa 034', 'ortu034@bk.test', '$2y$10$92IXUNpkjO0rOQ5byMi.Ye4oKoEa3Ro9llC/.og/at2uheWG/igi', 'orang_tua', 'active'),
    (151, 'Orang Tua Siswa 035', 'ortu035@bk.test', '$2y$10$92IXUNpkjO0rOQ5byMi.Ye4oKoEa3Ro9llC/.og/at2uheWG/igi', 'orang_tua', 'active'),
    (152, 'Orang Tua Siswa 036', 'ortu036@bk.test', '$2y$10$92IXUNpkjO0rOQ5byMi.Ye4oKoEa3Ro9llC/.og/at2uheWG/igi', 'orang_tua', 'active'),
    (153, 'Orang Tua Siswa 037', 'ortu037@bk.test', '$2y$10$92IXUNpkjO0rOQ5byMi.Ye4oKoEa3Ro9llC/.og/at2uheWG/igi', 'orang_tua', 'active'),
    (154, 'Orang Tua Siswa 038', 'ortu038@bk.test', '$2y$10$92IXUNpkjO0rOQ5byMi.Ye4oKoEa3Ro9llC/.og/at2uheWG/igi', 'orang_tua', 'active'),
    (155, 'Orang Tua Siswa 039', 'ortu039@bk.test', '$2y$10$92IXUNpkjO0rOQ5byMi.Ye4oKoEa3Ro9llC/.og/at2uheWG/igi', 'orang_tua', 'active'),
    (156, 'Orang Tua Siswa 040', 'ortu040@bk.test', '$2y$10$92IXUNpkjO0rOQ5byMi.Ye4oKoEa3Ro9llC/.og/at2uheWG/igi', 'orang_tua', 'active'),
    (157, 'Orang Tua Siswa 041', 'ortu041@bk.test', '$2y$10$92IXUNpkjO0rOQ5byMi.Ye4oKoEa3Ro9llC/.og/at2uheWG/igi', 'orang_tua', 'active'),
    (158, 'Orang Tua Siswa 042', 'ortu042@bk.test', '$2y$10$92IXUNpkjO0rOQ5byMi.Ye4oKoEa3Ro9llC/.og/at2uheWG/igi', 'orang_tua', 'active'),
    (159, 'Orang Tua Siswa 043', 'ortu043@bk.test', '$2y$10$92IXUNpkjO0rOQ5byMi.Ye4oKoEa3Ro9llC/.og/at2uheWG/igi', 'orang_tua', 'active'),
    (160, 'Orang Tua Siswa 044', 'ortu044@bk.test', '$2y$10$92IXUNpkjO0rOQ5byMi.Ye4oKoEa3Ro9llC/.og/at2uheWG/igi', 'orang_tua', 'active'),
    (161, 'Orang Tua Siswa 045', 'ortu045@bk.test', '$2y$10$92IXUNpkjO0rOQ5byMi.Ye4oKoEa3Ro9llC/.og/at2uheWG/igi', 'orang_tua', 'active'),
    (162, 'Orang Tua Siswa 046', 'ortu046@bk.test', '$2y$10$92IXUNpkjO0rOQ5byMi.Ye4oKoEa3Ro9llC/.og/at2uheWG/igi', 'orang_tua', 'active'),
    (163, 'Orang Tua Siswa 047', 'ortu047@bk.test', '$2y$10$92IXUNpkjO0rOQ5byMi.Ye4oKoEa3Ro9llC/.og/at2uheWG/igi', 'orang_tua', 'active'),
    (164, 'Orang Tua Siswa 048', 'ortu048@bk.test', '$2y$10$92IXUNpkjO0rOQ5byMi.Ye4oKoEa3Ro9llC/.og/at2uheWG/igi', 'orang_tua', 'active'),
    (165, 'Orang Tua Siswa 049', 'ortu049@bk.test', '$2y$10$92IXUNpkjO0rOQ5byMi.Ye4oKoEa3Ro9llC/.og/at2uheWG/igi', 'orang_tua', 'active'),
    (166, 'Orang Tua Siswa 050', 'ortu050@bk.test', '$2y$10$92IXUNpkjO0rOQ5byMi.Ye4oKoEa3Ro9llC/.og/at2uheWG/igi', 'orang_tua', 'active'),
    (167, 'Orang Tua Siswa 051', 'ortu051@bk.test', '$2y$10$92IXUNpkjO0rOQ5byMi.Ye4oKoEa3Ro9llC/.og/at2uheWG/igi', 'orang_tua', 'active'),
    (168, 'Orang Tua Siswa 052', 'ortu052@bk.test', '$2y$10$92IXUNpkjO0rOQ5byMi.Ye4oKoEa3Ro9llC/.og/at2uheWG/igi', 'orang_tua', 'active'),
    (169, 'Orang Tua Siswa 053', 'ortu053@bk.test', '$2y$10$92IXUNpkjO0rOQ5byMi.Ye4oKoEa3Ro9llC/.og/at2uheWG/igi', 'orang_tua', 'active'),
    (170, 'Orang Tua Siswa 054', 'ortu054@bk.test', '$2y$10$92IXUNpkjO0rOQ5byMi.Ye4oKoEa3Ro9llC/.og/at2uheWG/igi', 'orang_tua', 'active'),
    (171, 'Orang Tua Siswa 055', 'ortu055@bk.test', '$2y$10$92IXUNpkjO0rOQ5byMi.Ye4oKoEa3Ro9llC/.og/at2uheWG/igi', 'orang_tua', 'active'),
    (172, 'Orang Tua Siswa 056', 'ortu056@bk.test', '$2y$10$92IXUNpkjO0rOQ5byMi.Ye4oKoEa3Ro9llC/.og/at2uheWG/igi', 'orang_tua', 'active'),
    (173, 'Orang Tua Siswa 057', 'ortu057@bk.test', '$2y$10$92IXUNpkjO0rOQ5byMi.Ye4oKoEa3Ro9llC/.og/at2uheWG/igi', 'orang_tua', 'active'),
    (174, 'Orang Tua Siswa 058', 'ortu058@bk.test', '$2y$10$92IXUNpkjO0rOQ5byMi.Ye4oKoEa3Ro9llC/.og/at2uheWG/igi', 'orang_tua', 'active'),
    (175, 'Orang Tua Siswa 059', 'ortu059@bk.test', '$2y$10$92IXUNpkjO0rOQ5byMi.Ye4oKoEa3Ro9llC/.og/at2uheWG/igi', 'orang_tua', 'active'),
    (176, 'Orang Tua Siswa 060', 'ortu060@bk.test', '$2y$10$92IXUNpkjO0rOQ5byMi.Ye4oKoEa3Ro9llC/.og/at2uheWG/igi', 'orang_tua', 'active'),
    (177, 'Orang Tua Siswa 061', 'ortu061@bk.test', '$2y$10$92IXUNpkjO0rOQ5byMi.Ye4oKoEa3Ro9llC/.og/at2uheWG/igi', 'orang_tua', 'active'),
    (178, 'Orang Tua Siswa 062', 'ortu062@bk.test', '$2y$10$92IXUNpkjO0rOQ5byMi.Ye4oKoEa3Ro9llC/.og/at2uheWG/igi', 'orang_tua', 'active'),
    (179, 'Orang Tua Siswa 063', 'ortu063@bk.test', '$2y$10$92IXUNpkjO0rOQ5byMi.Ye4oKoEa3Ro9llC/.og/at2uheWG/igi', 'orang_tua', 'active'),
    (180, 'Orang Tua Siswa 064', 'ortu064@bk.test', '$2y$10$92IXUNpkjO0rOQ5byMi.Ye4oKoEa3Ro9llC/.og/at2uheWG/igi', 'orang_tua', 'active'),
    (181, 'Orang Tua Siswa 065', 'ortu065@bk.test', '$2y$10$92IXUNpkjO0rOQ5byMi.Ye4oKoEa3Ro9llC/.og/at2uheWG/igi', 'orang_tua', 'active'),
    (182, 'Orang Tua Siswa 066', 'ortu066@bk.test', '$2y$10$92IXUNpkjO0rOQ5byMi.Ye4oKoEa3Ro9llC/.og/at2uheWG/igi', 'orang_tua', 'active'),
    (183, 'Orang Tua Siswa 067', 'ortu067@bk.test', '$2y$10$92IXUNpkjO0rOQ5byMi.Ye4oKoEa3Ro9llC/.og/at2uheWG/igi', 'orang_tua', 'active'),
    (184, 'Orang Tua Siswa 068', 'ortu068@bk.test', '$2y$10$92IXUNpkjO0rOQ5byMi.Ye4oKoEa3Ro9llC/.og/at2uheWG/igi', 'orang_tua', 'active'),
    (185, 'Orang Tua Siswa 069', 'ortu069@bk.test', '$2y$10$92IXUNpkjO0rOQ5byMi.Ye4oKoEa3Ro9llC/.og/at2uheWG/igi', 'orang_tua', 'active'),
    (186, 'Orang Tua Siswa 070', 'ortu070@bk.test', '$2y$10$92IXUNpkjO0rOQ5byMi.Ye4oKoEa3Ro9llC/.og/at2uheWG/igi', 'orang_tua', 'active'),
    (187, 'Orang Tua Siswa 071', 'ortu071@bk.test', '$2y$10$92IXUNpkjO0rOQ5byMi.Ye4oKoEa3Ro9llC/.og/at2uheWG/igi', 'orang_tua', 'active'),
    (188, 'Orang Tua Siswa 072', 'ortu072@bk.test', '$2y$10$92IXUNpkjO0rOQ5byMi.Ye4oKoEa3Ro9llC/.og/at2uheWG/igi', 'orang_tua', 'active'),
    (189, 'Orang Tua Siswa 073', 'ortu073@bk.test', '$2y$10$92IXUNpkjO0rOQ5byMi.Ye4oKoEa3Ro9llC/.og/at2uheWG/igi', 'orang_tua', 'active'),
    (190, 'Orang Tua Siswa 074', 'ortu074@bk.test', '$2y$10$92IXUNpkjO0rOQ5byMi.Ye4oKoEa3Ro9llC/.og/at2uheWG/igi', 'orang_tua', 'active'),
    (191, 'Orang Tua Siswa 075', 'ortu075@bk.test', '$2y$10$92IXUNpkjO0rOQ5byMi.Ye4oKoEa3Ro9llC/.og/at2uheWG/igi', 'orang_tua', 'active'),
    (192, 'Orang Tua Siswa 076', 'ortu076@bk.test', '$2y$10$92IXUNpkjO0rOQ5byMi.Ye4oKoEa3Ro9llC/.og/at2uheWG/igi', 'orang_tua', 'active'),
    (193, 'Orang Tua Siswa 077', 'ortu077@bk.test', '$2y$10$92IXUNpkjO0rOQ5byMi.Ye4oKoEa3Ro9llC/.og/at2uheWG/igi', 'orang_tua', 'active'),
    (194, 'Orang Tua Siswa 078', 'ortu078@bk.test', '$2y$10$92IXUNpkjO0rOQ5byMi.Ye4oKoEa3Ro9llC/.og/at2uheWG/igi', 'orang_tua', 'active'),
    (195, 'Orang Tua Siswa 079', 'ortu079@bk.test', '$2y$10$92IXUNpkjO0rOQ5byMi.Ye4oKoEa3Ro9llC/.og/at2uheWG/igi', 'orang_tua', 'active'),
    (196, 'Orang Tua Siswa 080', 'ortu080@bk.test', '$2y$10$92IXUNpkjO0rOQ5byMi.Ye4oKoEa3Ro9llC/.og/at2uheWG/igi', 'orang_tua', 'active'),
    (197, 'Orang Tua Siswa 081', 'ortu081@bk.test', '$2y$10$92IXUNpkjO0rOQ5byMi.Ye4oKoEa3Ro9llC/.og/at2uheWG/igi', 'orang_tua', 'active'),
    (198, 'Orang Tua Siswa 082', 'ortu082@bk.test', '$2y$10$92IXUNpkjO0rOQ5byMi.Ye4oKoEa3Ro9llC/.og/at2uheWG/igi', 'orang_tua', 'active'),
    (199, 'Orang Tua Siswa 083', 'ortu083@bk.test', '$2y$10$92IXUNpkjO0rOQ5byMi.Ye4oKoEa3Ro9llC/.og/at2uheWG/igi', 'orang_tua', 'active'),
    (200, 'Orang Tua Siswa 084', 'ortu084@bk.test', '$2y$10$92IXUNpkjO0rOQ5byMi.Ye4oKoEa3Ro9llC/.og/at2uheWG/igi', 'orang_tua', 'active'),
    (201, 'Orang Tua Siswa 085', 'ortu085@bk.test', '$2y$10$92IXUNpkjO0rOQ5byMi.Ye4oKoEa3Ro9llC/.og/at2uheWG/igi', 'orang_tua', 'active'),
    (202, 'Orang Tua Siswa 086', 'ortu086@bk.test', '$2y$10$92IXUNpkjO0rOQ5byMi.Ye4oKoEa3Ro9llC/.og/at2uheWG/igi', 'orang_tua', 'active'),
    (203, 'Orang Tua Siswa 087', 'ortu087@bk.test', '$2y$10$92IXUNpkjO0rOQ5byMi.Ye4oKoEa3Ro9llC/.og/at2uheWG/igi', 'orang_tua', 'active'),
    (204, 'Orang Tua Siswa 088', 'ortu088@bk.test', '$2y$10$92IXUNpkjO0rOQ5byMi.Ye4oKoEa3Ro9llC/.og/at2uheWG/igi', 'orang_tua', 'active'),
    (205, 'Orang Tua Siswa 089', 'ortu089@bk.test', '$2y$10$92IXUNpkjO0rOQ5byMi.Ye4oKoEa3Ro9llC/.og/at2uheWG/igi', 'orang_tua', 'active'),
    (206, 'Orang Tua Siswa 090', 'ortu090@bk.test', '$2y$10$92IXUNpkjO0rOQ5byMi.Ye4oKoEa3Ro9llC/.og/at2uheWG/igi', 'orang_tua', 'active'),
    (207, 'Orang Tua Siswa 091', 'ortu091@bk.test', '$2y$10$92IXUNpkjO0rOQ5byMi.Ye4oKoEa3Ro9llC/.og/at2uheWG/igi', 'orang_tua', 'active'),
    (208, 'Orang Tua Siswa 092', 'ortu092@bk.test', '$2y$10$92IXUNpkjO0rOQ5byMi.Ye4oKoEa3Ro9llC/.og/at2uheWG/igi', 'orang_tua', 'active'),
    (209, 'Orang Tua Siswa 093', 'ortu093@bk.test', '$2y$10$92IXUNpkjO0rOQ5byMi.Ye4oKoEa3Ro9llC/.og/at2uheWG/igi', 'orang_tua', 'active'),
    (210, 'Orang Tua Siswa 094', 'ortu094@bk.test', '$2y$10$92IXUNpkjO0rOQ5byMi.Ye4oKoEa3Ro9llC/.og/at2uheWG/igi', 'orang_tua', 'active'),
    (211, 'Orang Tua Siswa 095', 'ortu095@bk.test', '$2y$10$92IXUNpkjO0rOQ5byMi.Ye4oKoEa3Ro9llC/.og/at2uheWG/igi', 'orang_tua', 'active'),
    (212, 'Orang Tua Siswa 096', 'ortu096@bk.test', '$2y$10$92IXUNpkjO0rOQ5byMi.Ye4oKoEa3Ro9llC/.og/at2uheWG/igi', 'orang_tua', 'active'),
    (213, 'Orang Tua Siswa 097', 'ortu097@bk.test', '$2y$10$92IXUNpkjO0rOQ5byMi.Ye4oKoEa3Ro9llC/.og/at2uheWG/igi', 'orang_tua', 'active'),
    (214, 'Orang Tua Siswa 098', 'ortu098@bk.test', '$2y$10$92IXUNpkjO0rOQ5byMi.Ye4oKoEa3Ro9llC/.og/at2uheWG/igi', 'orang_tua', 'active'),
    (215, 'Orang Tua Siswa 099', 'ortu099@bk.test', '$2y$10$92IXUNpkjO0rOQ5byMi.Ye4oKoEa3Ro9llC/.og/at2uheWG/igi', 'orang_tua', 'active'),
    (216, 'Orang Tua Siswa 100', 'ortu100@bk.test', '$2y$10$92IXUNpkjO0rOQ5byMi.Ye4oKoEa3Ro9llC/.og/at2uheWG/igi', 'orang_tua', 'active');

INSERT INTO students (id, user_id, nis, name, class_name, guardian_name) VALUES
    (1, 17, '24250001', 'Ahmad Fauzan 001', 'VII A', 'Orang Tua Siswa 001'),
    (2, 18, '24250002', 'Aisyah Putri 002', 'VII B', 'Orang Tua Siswa 002'),
    (3, 19, '24250003', 'Muhammad Rizky 003', 'VII C', 'Orang Tua Siswa 003'),
    (4, 20, '24250004', 'Siti Nurhaliza 004', 'VII D', 'Orang Tua Siswa 004'),
    (5, 21, '24250005', 'Fajar Maulana 005', 'VIII A', 'Orang Tua Siswa 005'),
    (6, 22, '24250006', 'Nabila Zahra 006', 'VIII B', 'Orang Tua Siswa 006'),
    (7, 23, '24250007', 'Rafi Pratama 007', 'VIII C', 'Orang Tua Siswa 007'),
    (8, 24, '24250008', 'Dewi Lestari 008', 'VIII D', 'Orang Tua Siswa 008'),
    (9, 25, '24250009', 'Hafiz Ramadhan 009', 'IX A', 'Orang Tua Siswa 009'),
    (10, 26, '24250010', 'Kirana Safitri 010', 'IX B', 'Orang Tua Siswa 010'),
    (11, 27, '24250011', 'Dimas Arya 011', 'IX C', 'Orang Tua Siswa 011'),
    (12, 28, '24250012', 'Salma Khairunnisa 012', 'IX D', 'Orang Tua Siswa 012'),
    (13, 29, '24250013', 'Bagas Saputra 013', 'VII A', 'Orang Tua Siswa 013'),
    (14, 30, '24250014', 'Nadya Aulia 014', 'VII B', 'Orang Tua Siswa 014'),
    (15, 31, '24250015', 'Raka Firmansyah 015', 'VII C', 'Orang Tua Siswa 015'),
    (16, 32, '24250016', 'Laila Hasanah 016', 'VII D', 'Orang Tua Siswa 016'),
    (17, 33, '24250017', 'Ilham Nugraha 017', 'VIII A', 'Orang Tua Siswa 017'),
    (18, 34, '24250018', 'Zahra Amalia 018', 'VIII B', 'Orang Tua Siswa 018'),
    (19, 35, '24250019', 'Ardiansyah 019', 'VIII C', 'Orang Tua Siswa 019'),
    (20, 36, '24250020', 'Mutiara Rahma 020', 'VIII D', 'Orang Tua Siswa 020'),
    (21, 37, '24250021', 'Faiz Alfarizi 021', 'IX A', 'Orang Tua Siswa 021'),
    (22, 38, '24250022', 'Anisa Oktaviani 022', 'IX B', 'Orang Tua Siswa 022'),
    (23, 39, '24250023', 'Rangga Aditya 023', 'IX C', 'Orang Tua Siswa 023'),
    (24, 40, '24250024', 'Citra Maharani 024', 'IX D', 'Orang Tua Siswa 024'),
    (25, 41, '24250025', 'Yusuf Hidayat 025', 'VII A', 'Orang Tua Siswa 025'),
    (26, 42, '24250026', 'Putri Anggraini 026', 'VII B', 'Orang Tua Siswa 026'),
    (27, 43, '24250027', 'Reza Kurniawan 027', 'VII C', 'Orang Tua Siswa 027'),
    (28, 44, '24250028', 'Nisa Fadhilah 028', 'VII D', 'Orang Tua Siswa 028'),
    (29, 45, '24250029', 'Farhan Akbar 029', 'VIII A', 'Orang Tua Siswa 029'),
    (30, 46, '24250030', 'Almira Salsabila 030', 'VIII B', 'Orang Tua Siswa 030'),
    (31, 47, '24250031', 'Gilang Ramadhan 031', 'VIII C', 'Orang Tua Siswa 031'),
    (32, 48, '24250032', 'Salsabila Fitri 032', 'VIII D', 'Orang Tua Siswa 032'),
    (33, 49, '24250033', 'Daffa Maulana 033', 'IX A', 'Orang Tua Siswa 033'),
    (34, 50, '24250034', 'Intan Permata 034', 'IX B', 'Orang Tua Siswa 034'),
    (35, 51, '24250035', 'Iqbal Maulana 035', 'IX C', 'Orang Tua Siswa 035'),
    (36, 52, '24250036', 'Kayla Nadhifa 036', 'IX D', 'Orang Tua Siswa 036'),
    (37, 53, '24250037', 'Rendi Saputra 037', 'VII A', 'Orang Tua Siswa 037'),
    (38, 54, '24250038', 'Nayla Aprilia 038', 'VII B', 'Orang Tua Siswa 038'),
    (39, 55, '24250039', 'Alif Nurhakim 039', 'VII C', 'Orang Tua Siswa 039'),
    (40, 56, '24250040', 'Syifa Azizah 040', 'VII D', 'Orang Tua Siswa 040'),
    (41, 57, '24250041', 'Ahmad Fauzan 041', 'VIII A', 'Orang Tua Siswa 041'),
    (42, 58, '24250042', 'Aisyah Putri 042', 'VIII B', 'Orang Tua Siswa 042'),
    (43, 59, '24250043', 'Muhammad Rizky 043', 'VIII C', 'Orang Tua Siswa 043'),
    (44, 60, '24250044', 'Siti Nurhaliza 044', 'VIII D', 'Orang Tua Siswa 044'),
    (45, 61, '24250045', 'Fajar Maulana 045', 'IX A', 'Orang Tua Siswa 045'),
    (46, 62, '24250046', 'Nabila Zahra 046', 'IX B', 'Orang Tua Siswa 046'),
    (47, 63, '24250047', 'Rafi Pratama 047', 'IX C', 'Orang Tua Siswa 047'),
    (48, 64, '24250048', 'Dewi Lestari 048', 'IX D', 'Orang Tua Siswa 048'),
    (49, 65, '24250049', 'Hafiz Ramadhan 049', 'VII A', 'Orang Tua Siswa 049'),
    (50, 66, '24250050', 'Kirana Safitri 050', 'VII B', 'Orang Tua Siswa 050'),
    (51, 67, '24250051', 'Dimas Arya 051', 'VII C', 'Orang Tua Siswa 051'),
    (52, 68, '24250052', 'Salma Khairunnisa 052', 'VII D', 'Orang Tua Siswa 052'),
    (53, 69, '24250053', 'Bagas Saputra 053', 'VIII A', 'Orang Tua Siswa 053'),
    (54, 70, '24250054', 'Nadya Aulia 054', 'VIII B', 'Orang Tua Siswa 054'),
    (55, 71, '24250055', 'Raka Firmansyah 055', 'VIII C', 'Orang Tua Siswa 055'),
    (56, 72, '24250056', 'Laila Hasanah 056', 'VIII D', 'Orang Tua Siswa 056'),
    (57, 73, '24250057', 'Ilham Nugraha 057', 'IX A', 'Orang Tua Siswa 057'),
    (58, 74, '24250058', 'Zahra Amalia 058', 'IX B', 'Orang Tua Siswa 058'),
    (59, 75, '24250059', 'Ardiansyah 059', 'IX C', 'Orang Tua Siswa 059'),
    (60, 76, '24250060', 'Mutiara Rahma 060', 'IX D', 'Orang Tua Siswa 060'),
    (61, 77, '24250061', 'Faiz Alfarizi 061', 'VII A', 'Orang Tua Siswa 061'),
    (62, 78, '24250062', 'Anisa Oktaviani 062', 'VII B', 'Orang Tua Siswa 062'),
    (63, 79, '24250063', 'Rangga Aditya 063', 'VII C', 'Orang Tua Siswa 063'),
    (64, 80, '24250064', 'Citra Maharani 064', 'VII D', 'Orang Tua Siswa 064'),
    (65, 81, '24250065', 'Yusuf Hidayat 065', 'VIII A', 'Orang Tua Siswa 065'),
    (66, 82, '24250066', 'Putri Anggraini 066', 'VIII B', 'Orang Tua Siswa 066'),
    (67, 83, '24250067', 'Reza Kurniawan 067', 'VIII C', 'Orang Tua Siswa 067'),
    (68, 84, '24250068', 'Nisa Fadhilah 068', 'VIII D', 'Orang Tua Siswa 068'),
    (69, 85, '24250069', 'Farhan Akbar 069', 'IX A', 'Orang Tua Siswa 069'),
    (70, 86, '24250070', 'Almira Salsabila 070', 'IX B', 'Orang Tua Siswa 070'),
    (71, 87, '24250071', 'Gilang Ramadhan 071', 'IX C', 'Orang Tua Siswa 071'),
    (72, 88, '24250072', 'Salsabila Fitri 072', 'IX D', 'Orang Tua Siswa 072'),
    (73, 89, '24250073', 'Daffa Maulana 073', 'VII A', 'Orang Tua Siswa 073'),
    (74, 90, '24250074', 'Intan Permata 074', 'VII B', 'Orang Tua Siswa 074'),
    (75, 91, '24250075', 'Iqbal Maulana 075', 'VII C', 'Orang Tua Siswa 075'),
    (76, 92, '24250076', 'Kayla Nadhifa 076', 'VII D', 'Orang Tua Siswa 076'),
    (77, 93, '24250077', 'Rendi Saputra 077', 'VIII A', 'Orang Tua Siswa 077'),
    (78, 94, '24250078', 'Nayla Aprilia 078', 'VIII B', 'Orang Tua Siswa 078'),
    (79, 95, '24250079', 'Alif Nurhakim 079', 'VIII C', 'Orang Tua Siswa 079'),
    (80, 96, '24250080', 'Syifa Azizah 080', 'VIII D', 'Orang Tua Siswa 080'),
    (81, 97, '24250081', 'Ahmad Fauzan 081', 'IX A', 'Orang Tua Siswa 081'),
    (82, 98, '24250082', 'Aisyah Putri 082', 'IX B', 'Orang Tua Siswa 082'),
    (83, 99, '24250083', 'Muhammad Rizky 083', 'IX C', 'Orang Tua Siswa 083'),
    (84, 100, '24250084', 'Siti Nurhaliza 084', 'IX D', 'Orang Tua Siswa 084'),
    (85, 101, '24250085', 'Fajar Maulana 085', 'VII A', 'Orang Tua Siswa 085'),
    (86, 102, '24250086', 'Nabila Zahra 086', 'VII B', 'Orang Tua Siswa 086'),
    (87, 103, '24250087', 'Rafi Pratama 087', 'VII C', 'Orang Tua Siswa 087'),
    (88, 104, '24250088', 'Dewi Lestari 088', 'VII D', 'Orang Tua Siswa 088'),
    (89, 105, '24250089', 'Hafiz Ramadhan 089', 'VIII A', 'Orang Tua Siswa 089'),
    (90, 106, '24250090', 'Kirana Safitri 090', 'VIII B', 'Orang Tua Siswa 090'),
    (91, 107, '24250091', 'Dimas Arya 091', 'VIII C', 'Orang Tua Siswa 091'),
    (92, 108, '24250092', 'Salma Khairunnisa 092', 'VIII D', 'Orang Tua Siswa 092'),
    (93, 109, '24250093', 'Bagas Saputra 093', 'IX A', 'Orang Tua Siswa 093'),
    (94, 110, '24250094', 'Nadya Aulia 094', 'IX B', 'Orang Tua Siswa 094'),
    (95, 111, '24250095', 'Raka Firmansyah 095', 'IX C', 'Orang Tua Siswa 095'),
    (96, 112, '24250096', 'Laila Hasanah 096', 'IX D', 'Orang Tua Siswa 096'),
    (97, 113, '24250097', 'Ilham Nugraha 097', 'VII A', 'Orang Tua Siswa 097'),
    (98, 114, '24250098', 'Zahra Amalia 098', 'VII B', 'Orang Tua Siswa 098'),
    (99, 115, '24250099', 'Ardiansyah 099', 'VII C', 'Orang Tua Siswa 099'),
    (100, 116, '24250100', 'Mutiara Rahma 100', 'VII D', 'Orang Tua Siswa 100');

INSERT INTO parent_student (id, parent_user_id, student_id, relation) VALUES
    (1, 117, 1, 'Ibu'),
    (2, 118, 2, 'Ayah'),
    (3, 119, 3, 'Ibu'),
    (4, 120, 4, 'Ayah'),
    (5, 121, 5, 'Ibu'),
    (6, 122, 6, 'Ayah'),
    (7, 123, 7, 'Ibu'),
    (8, 124, 8, 'Ayah'),
    (9, 125, 9, 'Ibu'),
    (10, 126, 10, 'Ayah'),
    (11, 127, 11, 'Ibu'),
    (12, 128, 12, 'Ayah'),
    (13, 129, 13, 'Ibu'),
    (14, 130, 14, 'Ayah'),
    (15, 131, 15, 'Ibu'),
    (16, 132, 16, 'Ayah'),
    (17, 133, 17, 'Ibu'),
    (18, 134, 18, 'Ayah'),
    (19, 135, 19, 'Ibu'),
    (20, 136, 20, 'Ayah'),
    (21, 137, 21, 'Ibu'),
    (22, 138, 22, 'Ayah'),
    (23, 139, 23, 'Ibu'),
    (24, 140, 24, 'Ayah'),
    (25, 141, 25, 'Ibu'),
    (26, 142, 26, 'Ayah'),
    (27, 143, 27, 'Ibu'),
    (28, 144, 28, 'Ayah'),
    (29, 145, 29, 'Ibu'),
    (30, 146, 30, 'Ayah'),
    (31, 147, 31, 'Ibu'),
    (32, 148, 32, 'Ayah'),
    (33, 149, 33, 'Ibu'),
    (34, 150, 34, 'Ayah'),
    (35, 151, 35, 'Ibu'),
    (36, 152, 36, 'Ayah'),
    (37, 153, 37, 'Ibu'),
    (38, 154, 38, 'Ayah'),
    (39, 155, 39, 'Ibu'),
    (40, 156, 40, 'Ayah'),
    (41, 157, 41, 'Ibu'),
    (42, 158, 42, 'Ayah'),
    (43, 159, 43, 'Ibu'),
    (44, 160, 44, 'Ayah'),
    (45, 161, 45, 'Ibu'),
    (46, 162, 46, 'Ayah'),
    (47, 163, 47, 'Ibu'),
    (48, 164, 48, 'Ayah'),
    (49, 165, 49, 'Ibu'),
    (50, 166, 50, 'Ayah'),
    (51, 167, 51, 'Ibu'),
    (52, 168, 52, 'Ayah'),
    (53, 169, 53, 'Ibu'),
    (54, 170, 54, 'Ayah'),
    (55, 171, 55, 'Ibu'),
    (56, 172, 56, 'Ayah'),
    (57, 173, 57, 'Ibu'),
    (58, 174, 58, 'Ayah'),
    (59, 175, 59, 'Ibu'),
    (60, 176, 60, 'Ayah'),
    (61, 177, 61, 'Ibu'),
    (62, 178, 62, 'Ayah'),
    (63, 179, 63, 'Ibu'),
    (64, 180, 64, 'Ayah'),
    (65, 181, 65, 'Ibu'),
    (66, 182, 66, 'Ayah'),
    (67, 183, 67, 'Ibu'),
    (68, 184, 68, 'Ayah'),
    (69, 185, 69, 'Ibu'),
    (70, 186, 70, 'Ayah'),
    (71, 187, 71, 'Ibu'),
    (72, 188, 72, 'Ayah'),
    (73, 189, 73, 'Ibu'),
    (74, 190, 74, 'Ayah'),
    (75, 191, 75, 'Ibu'),
    (76, 192, 76, 'Ayah'),
    (77, 193, 77, 'Ibu'),
    (78, 194, 78, 'Ayah'),
    (79, 195, 79, 'Ibu'),
    (80, 196, 80, 'Ayah'),
    (81, 197, 81, 'Ibu'),
    (82, 198, 82, 'Ayah'),
    (83, 199, 83, 'Ibu'),
    (84, 200, 84, 'Ayah'),
    (85, 201, 85, 'Ibu'),
    (86, 202, 86, 'Ayah'),
    (87, 203, 87, 'Ibu'),
    (88, 204, 88, 'Ayah'),
    (89, 205, 89, 'Ibu'),
    (90, 206, 90, 'Ayah'),
    (91, 207, 91, 'Ibu'),
    (92, 208, 92, 'Ayah'),
    (93, 209, 93, 'Ibu'),
    (94, 210, 94, 'Ayah'),
    (95, 211, 95, 'Ibu'),
    (96, 212, 96, 'Ayah'),
    (97, 213, 97, 'Ibu'),
    (98, 214, 98, 'Ayah'),
    (99, 215, 99, 'Ibu'),
    (100, 216, 100, 'Ayah');

INSERT INTO notifications (user_id, title, body) VALUES
    (17, 'Selamat datang', 'Akun BK digital siswa 001 telah aktif.'),
    (117, 'Akun orang tua aktif', 'Akun monitoring orang tua siswa 001 telah aktif.'),
    (18, 'Selamat datang', 'Akun BK digital siswa 002 telah aktif.'),
    (118, 'Akun orang tua aktif', 'Akun monitoring orang tua siswa 002 telah aktif.'),
    (19, 'Selamat datang', 'Akun BK digital siswa 003 telah aktif.'),
    (119, 'Akun orang tua aktif', 'Akun monitoring orang tua siswa 003 telah aktif.'),
    (20, 'Selamat datang', 'Akun BK digital siswa 004 telah aktif.'),
    (120, 'Akun orang tua aktif', 'Akun monitoring orang tua siswa 004 telah aktif.'),
    (21, 'Selamat datang', 'Akun BK digital siswa 005 telah aktif.'),
    (121, 'Akun orang tua aktif', 'Akun monitoring orang tua siswa 005 telah aktif.'),
    (22, 'Selamat datang', 'Akun BK digital siswa 006 telah aktif.'),
    (122, 'Akun orang tua aktif', 'Akun monitoring orang tua siswa 006 telah aktif.'),
    (23, 'Selamat datang', 'Akun BK digital siswa 007 telah aktif.'),
    (123, 'Akun orang tua aktif', 'Akun monitoring orang tua siswa 007 telah aktif.'),
    (24, 'Selamat datang', 'Akun BK digital siswa 008 telah aktif.'),
    (124, 'Akun orang tua aktif', 'Akun monitoring orang tua siswa 008 telah aktif.'),
    (25, 'Selamat datang', 'Akun BK digital siswa 009 telah aktif.'),
    (125, 'Akun orang tua aktif', 'Akun monitoring orang tua siswa 009 telah aktif.'),
    (26, 'Selamat datang', 'Akun BK digital siswa 010 telah aktif.'),
    (126, 'Akun orang tua aktif', 'Akun monitoring orang tua siswa 010 telah aktif.'),
    (27, 'Selamat datang', 'Akun BK digital siswa 011 telah aktif.'),
    (127, 'Akun orang tua aktif', 'Akun monitoring orang tua siswa 011 telah aktif.'),
    (28, 'Selamat datang', 'Akun BK digital siswa 012 telah aktif.'),
    (128, 'Akun orang tua aktif', 'Akun monitoring orang tua siswa 012 telah aktif.'),
    (29, 'Selamat datang', 'Akun BK digital siswa 013 telah aktif.'),
    (129, 'Akun orang tua aktif', 'Akun monitoring orang tua siswa 013 telah aktif.'),
    (30, 'Selamat datang', 'Akun BK digital siswa 014 telah aktif.'),
    (130, 'Akun orang tua aktif', 'Akun monitoring orang tua siswa 014 telah aktif.'),
    (31, 'Selamat datang', 'Akun BK digital siswa 015 telah aktif.'),
    (131, 'Akun orang tua aktif', 'Akun monitoring orang tua siswa 015 telah aktif.'),
    (32, 'Selamat datang', 'Akun BK digital siswa 016 telah aktif.'),
    (132, 'Akun orang tua aktif', 'Akun monitoring orang tua siswa 016 telah aktif.'),
    (33, 'Selamat datang', 'Akun BK digital siswa 017 telah aktif.'),
    (133, 'Akun orang tua aktif', 'Akun monitoring orang tua siswa 017 telah aktif.'),
    (34, 'Selamat datang', 'Akun BK digital siswa 018 telah aktif.'),
    (134, 'Akun orang tua aktif', 'Akun monitoring orang tua siswa 018 telah aktif.'),
    (35, 'Selamat datang', 'Akun BK digital siswa 019 telah aktif.'),
    (135, 'Akun orang tua aktif', 'Akun monitoring orang tua siswa 019 telah aktif.'),
    (36, 'Selamat datang', 'Akun BK digital siswa 020 telah aktif.'),
    (136, 'Akun orang tua aktif', 'Akun monitoring orang tua siswa 020 telah aktif.'),
    (37, 'Selamat datang', 'Akun BK digital siswa 021 telah aktif.'),
    (137, 'Akun orang tua aktif', 'Akun monitoring orang tua siswa 021 telah aktif.'),
    (38, 'Selamat datang', 'Akun BK digital siswa 022 telah aktif.'),
    (138, 'Akun orang tua aktif', 'Akun monitoring orang tua siswa 022 telah aktif.'),
    (39, 'Selamat datang', 'Akun BK digital siswa 023 telah aktif.'),
    (139, 'Akun orang tua aktif', 'Akun monitoring orang tua siswa 023 telah aktif.'),
    (40, 'Selamat datang', 'Akun BK digital siswa 024 telah aktif.'),
    (140, 'Akun orang tua aktif', 'Akun monitoring orang tua siswa 024 telah aktif.'),
    (41, 'Selamat datang', 'Akun BK digital siswa 025 telah aktif.'),
    (141, 'Akun orang tua aktif', 'Akun monitoring orang tua siswa 025 telah aktif.'),
    (42, 'Selamat datang', 'Akun BK digital siswa 026 telah aktif.'),
    (142, 'Akun orang tua aktif', 'Akun monitoring orang tua siswa 026 telah aktif.'),
    (43, 'Selamat datang', 'Akun BK digital siswa 027 telah aktif.'),
    (143, 'Akun orang tua aktif', 'Akun monitoring orang tua siswa 027 telah aktif.'),
    (44, 'Selamat datang', 'Akun BK digital siswa 028 telah aktif.'),
    (144, 'Akun orang tua aktif', 'Akun monitoring orang tua siswa 028 telah aktif.'),
    (45, 'Selamat datang', 'Akun BK digital siswa 029 telah aktif.'),
    (145, 'Akun orang tua aktif', 'Akun monitoring orang tua siswa 029 telah aktif.'),
    (46, 'Selamat datang', 'Akun BK digital siswa 030 telah aktif.'),
    (146, 'Akun orang tua aktif', 'Akun monitoring orang tua siswa 030 telah aktif.'),
    (47, 'Selamat datang', 'Akun BK digital siswa 031 telah aktif.'),
    (147, 'Akun orang tua aktif', 'Akun monitoring orang tua siswa 031 telah aktif.'),
    (48, 'Selamat datang', 'Akun BK digital siswa 032 telah aktif.'),
    (148, 'Akun orang tua aktif', 'Akun monitoring orang tua siswa 032 telah aktif.'),
    (49, 'Selamat datang', 'Akun BK digital siswa 033 telah aktif.'),
    (149, 'Akun orang tua aktif', 'Akun monitoring orang tua siswa 033 telah aktif.'),
    (50, 'Selamat datang', 'Akun BK digital siswa 034 telah aktif.'),
    (150, 'Akun orang tua aktif', 'Akun monitoring orang tua siswa 034 telah aktif.'),
    (51, 'Selamat datang', 'Akun BK digital siswa 035 telah aktif.'),
    (151, 'Akun orang tua aktif', 'Akun monitoring orang tua siswa 035 telah aktif.'),
    (52, 'Selamat datang', 'Akun BK digital siswa 036 telah aktif.'),
    (152, 'Akun orang tua aktif', 'Akun monitoring orang tua siswa 036 telah aktif.'),
    (53, 'Selamat datang', 'Akun BK digital siswa 037 telah aktif.'),
    (153, 'Akun orang tua aktif', 'Akun monitoring orang tua siswa 037 telah aktif.'),
    (54, 'Selamat datang', 'Akun BK digital siswa 038 telah aktif.'),
    (154, 'Akun orang tua aktif', 'Akun monitoring orang tua siswa 038 telah aktif.'),
    (55, 'Selamat datang', 'Akun BK digital siswa 039 telah aktif.'),
    (155, 'Akun orang tua aktif', 'Akun monitoring orang tua siswa 039 telah aktif.'),
    (56, 'Selamat datang', 'Akun BK digital siswa 040 telah aktif.'),
    (156, 'Akun orang tua aktif', 'Akun monitoring orang tua siswa 040 telah aktif.'),
    (57, 'Selamat datang', 'Akun BK digital siswa 041 telah aktif.'),
    (157, 'Akun orang tua aktif', 'Akun monitoring orang tua siswa 041 telah aktif.'),
    (58, 'Selamat datang', 'Akun BK digital siswa 042 telah aktif.'),
    (158, 'Akun orang tua aktif', 'Akun monitoring orang tua siswa 042 telah aktif.'),
    (59, 'Selamat datang', 'Akun BK digital siswa 043 telah aktif.'),
    (159, 'Akun orang tua aktif', 'Akun monitoring orang tua siswa 043 telah aktif.'),
    (60, 'Selamat datang', 'Akun BK digital siswa 044 telah aktif.'),
    (160, 'Akun orang tua aktif', 'Akun monitoring orang tua siswa 044 telah aktif.'),
    (61, 'Selamat datang', 'Akun BK digital siswa 045 telah aktif.'),
    (161, 'Akun orang tua aktif', 'Akun monitoring orang tua siswa 045 telah aktif.'),
    (62, 'Selamat datang', 'Akun BK digital siswa 046 telah aktif.'),
    (162, 'Akun orang tua aktif', 'Akun monitoring orang tua siswa 046 telah aktif.'),
    (63, 'Selamat datang', 'Akun BK digital siswa 047 telah aktif.'),
    (163, 'Akun orang tua aktif', 'Akun monitoring orang tua siswa 047 telah aktif.'),
    (64, 'Selamat datang', 'Akun BK digital siswa 048 telah aktif.'),
    (164, 'Akun orang tua aktif', 'Akun monitoring orang tua siswa 048 telah aktif.'),
    (65, 'Selamat datang', 'Akun BK digital siswa 049 telah aktif.'),
    (165, 'Akun orang tua aktif', 'Akun monitoring orang tua siswa 049 telah aktif.'),
    (66, 'Selamat datang', 'Akun BK digital siswa 050 telah aktif.'),
    (166, 'Akun orang tua aktif', 'Akun monitoring orang tua siswa 050 telah aktif.'),
    (67, 'Selamat datang', 'Akun BK digital siswa 051 telah aktif.'),
    (167, 'Akun orang tua aktif', 'Akun monitoring orang tua siswa 051 telah aktif.'),
    (68, 'Selamat datang', 'Akun BK digital siswa 052 telah aktif.'),
    (168, 'Akun orang tua aktif', 'Akun monitoring orang tua siswa 052 telah aktif.'),
    (69, 'Selamat datang', 'Akun BK digital siswa 053 telah aktif.'),
    (169, 'Akun orang tua aktif', 'Akun monitoring orang tua siswa 053 telah aktif.'),
    (70, 'Selamat datang', 'Akun BK digital siswa 054 telah aktif.'),
    (170, 'Akun orang tua aktif', 'Akun monitoring orang tua siswa 054 telah aktif.'),
    (71, 'Selamat datang', 'Akun BK digital siswa 055 telah aktif.'),
    (171, 'Akun orang tua aktif', 'Akun monitoring orang tua siswa 055 telah aktif.'),
    (72, 'Selamat datang', 'Akun BK digital siswa 056 telah aktif.'),
    (172, 'Akun orang tua aktif', 'Akun monitoring orang tua siswa 056 telah aktif.'),
    (73, 'Selamat datang', 'Akun BK digital siswa 057 telah aktif.'),
    (173, 'Akun orang tua aktif', 'Akun monitoring orang tua siswa 057 telah aktif.'),
    (74, 'Selamat datang', 'Akun BK digital siswa 058 telah aktif.'),
    (174, 'Akun orang tua aktif', 'Akun monitoring orang tua siswa 058 telah aktif.'),
    (75, 'Selamat datang', 'Akun BK digital siswa 059 telah aktif.'),
    (175, 'Akun orang tua aktif', 'Akun monitoring orang tua siswa 059 telah aktif.'),
    (76, 'Selamat datang', 'Akun BK digital siswa 060 telah aktif.'),
    (176, 'Akun orang tua aktif', 'Akun monitoring orang tua siswa 060 telah aktif.'),
    (77, 'Selamat datang', 'Akun BK digital siswa 061 telah aktif.'),
    (177, 'Akun orang tua aktif', 'Akun monitoring orang tua siswa 061 telah aktif.'),
    (78, 'Selamat datang', 'Akun BK digital siswa 062 telah aktif.'),
    (178, 'Akun orang tua aktif', 'Akun monitoring orang tua siswa 062 telah aktif.'),
    (79, 'Selamat datang', 'Akun BK digital siswa 063 telah aktif.'),
    (179, 'Akun orang tua aktif', 'Akun monitoring orang tua siswa 063 telah aktif.'),
    (80, 'Selamat datang', 'Akun BK digital siswa 064 telah aktif.'),
    (180, 'Akun orang tua aktif', 'Akun monitoring orang tua siswa 064 telah aktif.'),
    (81, 'Selamat datang', 'Akun BK digital siswa 065 telah aktif.'),
    (181, 'Akun orang tua aktif', 'Akun monitoring orang tua siswa 065 telah aktif.'),
    (82, 'Selamat datang', 'Akun BK digital siswa 066 telah aktif.'),
    (182, 'Akun orang tua aktif', 'Akun monitoring orang tua siswa 066 telah aktif.'),
    (83, 'Selamat datang', 'Akun BK digital siswa 067 telah aktif.'),
    (183, 'Akun orang tua aktif', 'Akun monitoring orang tua siswa 067 telah aktif.'),
    (84, 'Selamat datang', 'Akun BK digital siswa 068 telah aktif.'),
    (184, 'Akun orang tua aktif', 'Akun monitoring orang tua siswa 068 telah aktif.'),
    (85, 'Selamat datang', 'Akun BK digital siswa 069 telah aktif.'),
    (185, 'Akun orang tua aktif', 'Akun monitoring orang tua siswa 069 telah aktif.'),
    (86, 'Selamat datang', 'Akun BK digital siswa 070 telah aktif.'),
    (186, 'Akun orang tua aktif', 'Akun monitoring orang tua siswa 070 telah aktif.'),
    (87, 'Selamat datang', 'Akun BK digital siswa 071 telah aktif.'),
    (187, 'Akun orang tua aktif', 'Akun monitoring orang tua siswa 071 telah aktif.'),
    (88, 'Selamat datang', 'Akun BK digital siswa 072 telah aktif.'),
    (188, 'Akun orang tua aktif', 'Akun monitoring orang tua siswa 072 telah aktif.'),
    (89, 'Selamat datang', 'Akun BK digital siswa 073 telah aktif.'),
    (189, 'Akun orang tua aktif', 'Akun monitoring orang tua siswa 073 telah aktif.'),
    (90, 'Selamat datang', 'Akun BK digital siswa 074 telah aktif.'),
    (190, 'Akun orang tua aktif', 'Akun monitoring orang tua siswa 074 telah aktif.'),
    (91, 'Selamat datang', 'Akun BK digital siswa 075 telah aktif.'),
    (191, 'Akun orang tua aktif', 'Akun monitoring orang tua siswa 075 telah aktif.'),
    (92, 'Selamat datang', 'Akun BK digital siswa 076 telah aktif.'),
    (192, 'Akun orang tua aktif', 'Akun monitoring orang tua siswa 076 telah aktif.'),
    (93, 'Selamat datang', 'Akun BK digital siswa 077 telah aktif.'),
    (193, 'Akun orang tua aktif', 'Akun monitoring orang tua siswa 077 telah aktif.'),
    (94, 'Selamat datang', 'Akun BK digital siswa 078 telah aktif.'),
    (194, 'Akun orang tua aktif', 'Akun monitoring orang tua siswa 078 telah aktif.'),
    (95, 'Selamat datang', 'Akun BK digital siswa 079 telah aktif.'),
    (195, 'Akun orang tua aktif', 'Akun monitoring orang tua siswa 079 telah aktif.'),
    (96, 'Selamat datang', 'Akun BK digital siswa 080 telah aktif.'),
    (196, 'Akun orang tua aktif', 'Akun monitoring orang tua siswa 080 telah aktif.'),
    (97, 'Selamat datang', 'Akun BK digital siswa 081 telah aktif.'),
    (197, 'Akun orang tua aktif', 'Akun monitoring orang tua siswa 081 telah aktif.'),
    (98, 'Selamat datang', 'Akun BK digital siswa 082 telah aktif.'),
    (198, 'Akun orang tua aktif', 'Akun monitoring orang tua siswa 082 telah aktif.'),
    (99, 'Selamat datang', 'Akun BK digital siswa 083 telah aktif.'),
    (199, 'Akun orang tua aktif', 'Akun monitoring orang tua siswa 083 telah aktif.'),
    (100, 'Selamat datang', 'Akun BK digital siswa 084 telah aktif.'),
    (200, 'Akun orang tua aktif', 'Akun monitoring orang tua siswa 084 telah aktif.'),
    (101, 'Selamat datang', 'Akun BK digital siswa 085 telah aktif.'),
    (201, 'Akun orang tua aktif', 'Akun monitoring orang tua siswa 085 telah aktif.'),
    (102, 'Selamat datang', 'Akun BK digital siswa 086 telah aktif.'),
    (202, 'Akun orang tua aktif', 'Akun monitoring orang tua siswa 086 telah aktif.'),
    (103, 'Selamat datang', 'Akun BK digital siswa 087 telah aktif.'),
    (203, 'Akun orang tua aktif', 'Akun monitoring orang tua siswa 087 telah aktif.'),
    (104, 'Selamat datang', 'Akun BK digital siswa 088 telah aktif.'),
    (204, 'Akun orang tua aktif', 'Akun monitoring orang tua siswa 088 telah aktif.'),
    (105, 'Selamat datang', 'Akun BK digital siswa 089 telah aktif.'),
    (205, 'Akun orang tua aktif', 'Akun monitoring orang tua siswa 089 telah aktif.'),
    (106, 'Selamat datang', 'Akun BK digital siswa 090 telah aktif.'),
    (206, 'Akun orang tua aktif', 'Akun monitoring orang tua siswa 090 telah aktif.'),
    (107, 'Selamat datang', 'Akun BK digital siswa 091 telah aktif.'),
    (207, 'Akun orang tua aktif', 'Akun monitoring orang tua siswa 091 telah aktif.'),
    (108, 'Selamat datang', 'Akun BK digital siswa 092 telah aktif.'),
    (208, 'Akun orang tua aktif', 'Akun monitoring orang tua siswa 092 telah aktif.'),
    (109, 'Selamat datang', 'Akun BK digital siswa 093 telah aktif.'),
    (209, 'Akun orang tua aktif', 'Akun monitoring orang tua siswa 093 telah aktif.'),
    (110, 'Selamat datang', 'Akun BK digital siswa 094 telah aktif.'),
    (210, 'Akun orang tua aktif', 'Akun monitoring orang tua siswa 094 telah aktif.'),
    (111, 'Selamat datang', 'Akun BK digital siswa 095 telah aktif.'),
    (211, 'Akun orang tua aktif', 'Akun monitoring orang tua siswa 095 telah aktif.'),
    (112, 'Selamat datang', 'Akun BK digital siswa 096 telah aktif.'),
    (212, 'Akun orang tua aktif', 'Akun monitoring orang tua siswa 096 telah aktif.'),
    (113, 'Selamat datang', 'Akun BK digital siswa 097 telah aktif.'),
    (213, 'Akun orang tua aktif', 'Akun monitoring orang tua siswa 097 telah aktif.'),
    (114, 'Selamat datang', 'Akun BK digital siswa 098 telah aktif.'),
    (214, 'Akun orang tua aktif', 'Akun monitoring orang tua siswa 098 telah aktif.'),
    (115, 'Selamat datang', 'Akun BK digital siswa 099 telah aktif.'),
    (215, 'Akun orang tua aktif', 'Akun monitoring orang tua siswa 099 telah aktif.'),
    (116, 'Selamat datang', 'Akun BK digital siswa 100 telah aktif.'),
    (216, 'Akun orang tua aktif', 'Akun monitoring orang tua siswa 100 telah aktif.');

COMMIT;

SELECT role, COUNT(*) AS total FROM users GROUP BY role ORDER BY role;
SELECT COUNT(*) AS total_students FROM students;
SELECT COUNT(*) AS total_parent_links FROM parent_student;
